BatchID,Timestamp,Action,FileName,FilePath
20260215_171028,2026-02-15 17:10:28,已新建,2025-G-新高考I卷-1-复数.tex,D:\pc\Desktop\Work\000高中数学题库\chapters\复数\2025\2025-G-新高考I卷-1-复数.tex
20260215_171028,2026-02-15 17:10:28,已新建,2025-G-新高考I卷-2-集合.tex,D:\pc\Desktop\Work\000高中数学题库\chapters\集合\2025\2025-G-新高考I卷-2-集合.tex
20260215_171028,2026-02-15 17:10:28,已新建,2025-G-新高考I卷-3-圆锥曲线.tex,D:\pc\Desktop\Work\000高中数学题库\chapters\圆锥曲线\2025\2025-G-新高考I卷-3-圆锥曲线.tex
20260215_171028,2026-02-15 17:10:28,已新建,2025-G-新高考I卷-4-三角函数.tex,D:\pc\Desktop\Work\000高中数学题库\chapters\三角函数\2025\2025-G-新高考I卷-4-三角函数.tex
20260215_171028,2026-02-15 17:10:28,已新建,2025-G-新高考I卷-5-函数.tex,D:\pc\Desktop\Work\000高中数学题库\chapters\函数\2025\2025-G-新高考I卷-5-函数.tex
20260215_171028,2026-02-15 17:10:28,已新建,2025-G-新高考I卷-6-向量.tex,D:\pc\Desktop\Work\000高中数学题库\chapters\向量\2025\2025-G-新高考I卷-6-向量.tex
20260215_171028,2026-02-15 17:10:28,已新建,2025-G-新高考I卷-7-圆锥曲线.tex,D:\pc\Desktop\Work\000高中数学题库\chapters\圆锥曲线\2025\2025-G-新高考I卷-7-圆锥曲线.tex
20260215_171028,2026-02-15 17:10:28,已新建,2025-G-新高考I卷-8-函数.tex,D:\pc\Desktop\Work\000高中数学题库\chapters\函数\2025\2025-G-新高考I卷-8-函数.tex
20260215_171028,2026-02-15 17:10:28,已新建,2025-G-新高考I卷-9-立体几何.tex,D:\pc\Desktop\Work\000高中数学题库\chapters\立体几何\2025\2025-G-新高考I卷-9-立体几何.tex
20260215_171028,2026-02-15 17:10:28,已新建,2025-G-新高考I卷-10-圆锥曲线.tex,D:\pc\Desktop\Work\000高中数学题库\chapters\圆锥曲线\2025\2025-G-新高考I卷-10-圆锥曲线.tex
20260215_171028,2026-02-15 17:10:28,已新建,2025-G-新高考I卷-11-解三角形.tex,D:\pc\Desktop\Work\000高中数学题库\chapters\解三角形\2025\2025-G-新高考I卷-11-解三角形.tex
20260215_171028,2026-02-15 17:10:28,已新建,2025-G-新高考I卷-12-导数.tex,D:\pc\Desktop\Work\000高中数学题库\chapters\导数\2025\2025-G-新高考I卷-12-导数.tex
20260215_171028,2026-02-15 17:10:28,已新建,2025-G-新高考I卷-13-数列.tex,D:\pc\Desktop\Work\000高中数学题库\chapters\数列\2025\2025-G-新高考I卷-13-数列.tex
20260215_171028,2026-02-15 17:10:28,已新建,2025-G-新高考I卷-14-概率.tex,D:\pc\Desktop\Work\000高中数学题库\chapters\概率\2025\2025-G-新高考I卷-14-概率.tex
20260215_171028,2026-02-15 17:10:28,已新建,2025-G-新高考I卷-15-统计.tex,D:\pc\Desktop\Work\000高中数学题库\chapters\统计\2025\2025-G-新高考I卷-15-统计.tex
20260215_171028,2026-02-15 17:10:28,已新建,2025-G-新高考I卷-16-数列.tex,D:\pc\Desktop\Work\000高中数学题库\chapters\数列\2025\2025-G-新高考I卷-16-数列.tex
20260215_171028,2026-02-15 17:10:28,已新建,2025-G-新高考I卷-17-立体几何.tex,D:\pc\Desktop\Work\000高中数学题库\chapters\立体几何\2025\2025-G-新高考I卷-17-立体几何.tex
20260215_171028,2026-02-15 17:10:28,已新建,2025-G-新高考I卷-18-圆锥曲线.tex,D:\pc\Desktop\Work\000高中数学题库\chapters\圆锥曲线\2025\2025-G-新高考I卷-18-圆锥曲线.tex
20260215_171028,2026-02-15 17:10:28,已新建,2025-G-新高考I卷-19-导数.tex,D:\pc\Desktop\Work\000高中数学题库\chapters\导数\2025\2025-G-新高考I卷-19-导数.tex
20260215_171028,2026-02-15 17:10:28,已新建,2025-G-新高考II卷-1-统计.tex,D:\pc\Desktop\Work\000高中数学题库\chapters\统计\2025\2025-G-新高考II卷-1-统计.tex
20260215_171028,2026-02-15 17:10:28,已新建,2025-G-新高考II卷-2-复数.tex,D:\pc\Desktop\Work\000高中数学题库\chapters\复数\2025\2025-G-新高考II卷-2-复数.tex
20260215_171028,2026-02-15 17:10:28,已新建,2025-G-新高考II卷-3-集合.tex,D:\pc\Desktop\Work\000高中数学题库\chapters\集合\2025\2025-G-新高考II卷-3-集合.tex
20260215_171028,2026-02-15 17:10:28,已新建,2025-G-新高考II卷-4-不等式.tex,D:\pc\Desktop\Work\000高中数学题库\chapters\不等式\2025\2025-G-新高考II卷-4-不等式.tex
20260215_171028,2026-02-15 17:10:28,已新建,2025-G-新高考II卷-5-解三角形.tex,D:\pc\Desktop\Work\000高中数学题库\chapters\解三角形\2025\2025-G-新高考II卷-5-解三角形.tex
20260215_171028,2026-02-15 17:10:28,已新建,2025-G-新高考II卷-6-圆锥曲线.tex,D:\pc\Desktop\Work\000高中数学题库\chapters\圆锥曲线\2025\2025-G-新高考II卷-6-圆锥曲线.tex
20260215_171028,2026-02-15 17:10:28,已新建,2025-G-新高考II卷-7-数列.tex,D:\pc\Desktop\Work\000高中数学题库\chapters\数列\2025\2025-G-新高考II卷-7-数列.tex
20260215_171028,2026-02-15 17:10:28,已新建,2025-G-新高考II卷-8-三角函数.tex,D:\pc\Desktop\Work\000高中数学题库\chapters\三角函数\2025\2025-G-新高考II卷-8-三角函数.tex
20260215_171028,2026-02-15 17:10:28,已新建,2025-G-新高考II卷-9-数列.tex,D:\pc\Desktop\Work\000高中数学题库\chapters\数列\2025\2025-G-新高考II卷-9-数列.tex
20260215_171028,2026-02-15 17:10:28,已新建,2025-G-新高考II卷-10-函数.tex,D:\pc\Desktop\Work\000高中数学题库\chapters\函数\2025\2025-G-新高考II卷-10-函数.tex
20260215_171028,2026-02-15 17:10:28,已新建,2025-G-新高考II卷-11-圆锥曲线.tex,D:\pc\Desktop\Work\000高中数学题库\chapters\圆锥曲线\2025\2025-G-新高考II卷-11-圆锥曲线.tex
20260215_171028,2026-02-15 17:10:28,已新建,2025-G-新高考II卷-12-向量.tex,D:\pc\Desktop\Work\000高中数学题库\chapters\向量\2025\2025-G-新高考II卷-12-向量.tex
20260215_171028,2026-02-15 17:10:28,已新建,2025-G-新高考II卷-13-导数.tex,D:\pc\Desktop\Work\000高中数学题库\chapters\导数\2025\2025-G-新高考II卷-13-导数.tex
20260215_171028,2026-02-15 17:10:28,已新建,2025-G-新高考II卷-14-立体几何.tex,D:\pc\Desktop\Work\000高中数学题库\chapters\立体几何\2025\2025-G-新高考II卷-14-立体几何.tex
20260215_171028,2026-02-15 17:10:28,已新建,2025-G-新高考II卷-15-三角函数.tex,D:\pc\Desktop\Work\000高中数学题库\chapters\三角函数\2025\2025-G-新高考II卷-15-三角函数.tex
20260215_171028,2026-02-15 17:10:28,已新建,2025-G-新高考II卷-16-圆锥曲线.tex,D:\pc\Desktop\Work\000高中数学题库\chapters\圆锥曲线\2025\2025-G-新高考II卷-16-圆锥曲线.tex
20260215_171028,2026-02-15 17:10:28,已新建,2025-G-新高考II卷-17-立体几何.tex,D:\pc\Desktop\Work\000高中数学题库\chapters\立体几何\2025\2025-G-新高考II卷-17-立体几何.tex
20260215_171028,2026-02-15 17:10:28,已新建,2025-G-新高考II卷-18-导数.tex,D:\pc\Desktop\Work\000高中数学题库\chapters\导数\2025\2025-G-新高考II卷-18-导数.tex
20260215_171028,2026-02-15 17:10:28,已新建,2025-G-新高考II卷-19-概率.tex,D:\pc\Desktop\Work\000高中数学题库\chapters\概率\2025\2025-G-新高考II卷-19-概率.tex
20260215_175138,2026-02-15 17:51:38,已新建,2024-G-新高考I卷-1-集合.tex,D:\pc\Desktop\Work\000高中数学题库\chapters\集合\2024\2024-G-新高考I卷-1-集合.tex
20260215_175138,2026-02-15 17:51:38,已新建,2024-G-新高考I卷-2-复数.tex,D:\pc\Desktop\Work\000高中数学题库\chapters\复数\2024\2024-G-新高考I卷-2-复数.tex
20260215_175138,2026-02-15 17:51:38,已新建,2024-G-新高考I卷-3-向量.tex,D:\pc\Desktop\Work\000高中数学题库\chapters\向量\2024\2024-G-新高考I卷-3-向量.tex
20260215_175138,2026-02-15 17:51:38,已新建,2024-G-新高考I卷-4-三角函数.tex,D:\pc\Desktop\Work\000高中数学题库\chapters\三角函数\2024\2024-G-新高考I卷-4-三角函数.tex
20260215_175138,2026-02-15 17:51:38,已新建,2024-G-新高考I卷-5-立体几何.tex,D:\pc\Desktop\Work\000高中数学题库\chapters\立体几何\2024\2024-G-新高考I卷-5-立体几何.tex
20260215_175138,2026-02-15 17:51:38,已新建,2024-G-新高考I卷-6-函数.tex,D:\pc\Desktop\Work\000高中数学题库\chapters\函数\2024\2024-G-新高考I卷-6-函数.tex
20260215_175138,2026-02-15 17:51:38,已新建,2024-G-新高考I卷-7-三角函数.tex,D:\pc\Desktop\Work\000高中数学题库\chapters\三角函数\2024\2024-G-新高考I卷-7-三角函数.tex
20260215_175138,2026-02-15 17:51:38,已新建,2024-G-新高考I卷-8-函数.tex,D:\pc\Desktop\Work\000高中数学题库\chapters\函数\2024\2024-G-新高考I卷-8-函数.tex
20260215_175138,2026-02-15 17:51:38,已新建,2024-G-新高考I卷-9-统计.tex,D:\pc\Desktop\Work\000高中数学题库\chapters\统计\2024\2024-G-新高考I卷-9-统计.tex
20260215_175138,2026-02-15 17:51:38,已新建,2024-G-新高考I卷-10-导数.tex,D:\pc\Desktop\Work\000高中数学题库\chapters\导数\2024\2024-G-新高考I卷-10-导数.tex
20260215_175138,2026-02-15 17:51:38,已新建,2024-G-新高考I卷-11-圆锥曲线.tex,D:\pc\Desktop\Work\000高中数学题库\chapters\圆锥曲线\2024\2024-G-新高考I卷-11-圆锥曲线.tex
20260215_175138,2026-02-15 17:51:38,已新建,2024-G-新高考I卷-12-圆锥曲线.tex,D:\pc\Desktop\Work\000高中数学题库\chapters\圆锥曲线\2024\2024-G-新高考I卷-12-圆锥曲线.tex
20260215_175138,2026-02-15 17:51:38,已新建,2024-G-新高考I卷-13-导数.tex,D:\pc\Desktop\Work\000高中数学题库\chapters\导数\2024\2024-G-新高考I卷-13-导数.tex
20260215_175138,2026-02-15 17:51:38,已新建,2024-G-新高考I卷-14-概率.tex,D:\pc\Desktop\Work\000高中数学题库\chapters\概率\2024\2024-G-新高考I卷-14-概率.tex
20260215_175138,2026-02-15 17:51:38,已新建,2024-G-新高考I卷-15-解三角形.tex,D:\pc\Desktop\Work\000高中数学题库\chapters\解三角形\2024\2024-G-新高考I卷-15-解三角形.tex
20260215_175138,2026-02-15 17:51:38,已新建,2024-G-新高考I卷-16-圆锥曲线.tex,D:\pc\Desktop\Work\000高中数学题库\chapters\圆锥曲线\2024\2024-G-新高考I卷-16-圆锥曲线.tex
20260215_175138,2026-02-15 17:51:38,已新建,2024-G-新高考I卷-17-立体几何.tex,D:\pc\Desktop\Work\000高中数学题库\chapters\立体几何\2024\2024-G-新高考I卷-17-立体几何.tex
20260215_175138,2026-02-15 17:51:38,已新建,2024-G-新高考I卷-18-导数.tex,D:\pc\Desktop\Work\000高中数学题库\chapters\导数\2024\2024-G-新高考I卷-18-导数.tex
20260215_175138,2026-02-15 17:51:38,已新建,2024-G-新高考I卷-19-数列.tex,D:\pc\Desktop\Work\000高中数学题库\chapters\数列\2024\2024-G-新高考I卷-19-数列.tex
20260215_175138,2026-02-15 17:51:38,已新建,2024-G-新高考II卷-1-复数.tex,D:\pc\Desktop\Work\000高中数学题库\chapters\复数\2024\2024-G-新高考II卷-1-复数.tex
20260215_175138,2026-02-15 17:51:38,已新建,2024-G-新高考II卷-2-命题与逻辑.tex,D:\pc\Desktop\Work\000高中数学题库\chapters\命题与逻辑\2024\2024-G-新高考II卷-2-命题与逻辑.tex
20260215_175138,2026-02-15 17:51:38,已新建,2024-G-新高考II卷-3-向量.tex,D:\pc\Desktop\Work\000高中数学题库\chapters\向量\2024\2024-G-新高考II卷-3-向量.tex
20260215_175138,2026-02-15 17:51:38,已新建,2024-G-新高考II卷-4-统计.tex,D:\pc\Desktop\Work\000高中数学题库\chapters\统计\2024\2024-G-新高考II卷-4-统计.tex
20260215_175138,2026-02-15 17:51:38,已新建,2024-G-新高考II卷-5-圆锥曲线.tex,D:\pc\Desktop\Work\000高中数学题库\chapters\圆锥曲线\2024\2024-G-新高考II卷-5-圆锥曲线.tex
20260215_175138,2026-02-15 17:51:38,已新建,2024-G-新高考II卷-6-函数.tex,D:\pc\Desktop\Work\000高中数学题库\chapters\函数\2024\2024-G-新高考II卷-6-函数.tex
20260215_175138,2026-02-15 17:51:38,已新建,2024-G-新高考II卷-7-立体几何.tex,D:\pc\Desktop\Work\000高中数学题库\chapters\立体几何\2024\2024-G-新高考II卷-7-立体几何.tex
20260215_175138,2026-02-15 17:51:38,已新建,2024-G-新高考II卷-8-函数.tex,D:\pc\Desktop\Work\000高中数学题库\chapters\函数\2024\2024-G-新高考II卷-8-函数.tex
20260215_175138,2026-02-15 17:51:38,已新建,2024-G-新高考II卷-9-三角函数.tex,D:\pc\Desktop\Work\000高中数学题库\chapters\三角函数\2024\2024-G-新高考II卷-9-三角函数.tex
20260215_175138,2026-02-15 17:51:38,已新建,2024-G-新高考II卷-10-圆锥曲线.tex,D:\pc\Desktop\Work\000高中数学题库\chapters\圆锥曲线\2024\2024-G-新高考II卷-10-圆锥曲线.tex
20260215_175138,2026-02-15 17:51:38,已新建,2024-G-新高考II卷-11-导数.tex,D:\pc\Desktop\Work\000高中数学题库\chapters\导数\2024\2024-G-新高考II卷-11-导数.tex
20260215_175138,2026-02-15 17:51:38,已新建,2024-G-新高考II卷-12-数列.tex,D:\pc\Desktop\Work\000高中数学题库\chapters\数列\2024\2024-G-新高考II卷-12-数列.tex
20260215_175138,2026-02-15 17:51:38,已新建,2024-G-新高考II卷-13-三角函数.tex,D:\pc\Desktop\Work\000高中数学题库\chapters\三角函数\2024\2024-G-新高考II卷-13-三角函数.tex
20260215_175138,2026-02-15 17:51:38,已新建,2024-G-新高考II卷-14-排列组合.tex,D:\pc\Desktop\Work\000高中数学题库\chapters\排列组合\2024\2024-G-新高考II卷-14-排列组合.tex
20260215_175138,2026-02-15 17:51:38,已新建,2024-G-新高考II卷-15-解三角形.tex,D:\pc\Desktop\Work\000高中数学题库\chapters\解三角形\2024\2024-G-新高考II卷-15-解三角形.tex
20260215_175138,2026-02-15 17:51:38,已新建,2024-G-新高考II卷-16-导数.tex,D:\pc\Desktop\Work\000高中数学题库\chapters\导数\2024\2024-G-新高考II卷-16-导数.tex
20260215_175138,2026-02-15 17:51:38,已新建,2024-G-新高考II卷-17-立体几何.tex,D:\pc\Desktop\Work\000高中数学题库\chapters\立体几何\2024\2024-G-新高考II卷-17-立体几何.tex
20260215_175138,2026-02-15 17:51:38,已新建,2024-G-新高考II卷-18-概率.tex,D:\pc\Desktop\Work\000高中数学题库\chapters\概率\2024\2024-G-新高考II卷-18-概率.tex
20260215_175138,2026-02-15 17:51:38,已新建,2024-G-新高考II卷-19-圆锥曲线.tex,D:\pc\Desktop\Work\000高中数学题库\chapters\圆锥曲线\2024\2024-G-新高考II卷-19-圆锥曲线.tex
20260215_182213,2026-02-15 18:22:17,已新建,2024-G-全国甲卷（理）-3-线性规划.tex,D:\pc\Desktop\Work\000高中数学题库\chapters\线性规划\2024\2024-G-全国甲卷（理）-3-线性规划.tex
20260215_190352,2026-02-15 19:03:52,已新建,2023-G-新课标I卷-7-数列.tex,D:\pc\Desktop\Work\000高中数学题库\chapters\数列\2023\2023-G-新课标I卷-7-数列.tex
20260215_190352,2026-02-15 19:03:52,已新建,2021-G-上海卷-1-数列.tex,D:\pc\Desktop\Work\000高中数学题库\chapters\数列\2021\2021-G-上海卷-1-数列.tex
20260215_190352,2026-02-15 19:03:52,已新建,2022-G-上海卷-10-数列.tex,D:\pc\Desktop\Work\000高中数学题库\chapters\数列\2022\2022-G-上海卷-10-数列.tex
20260215_190352,2026-02-15 19:03:52,已新建,2025-G-全国II卷-3-数列.tex,D:\pc\Desktop\Work\000高中数学题库\chapters\数列\2025\2025-G-全国II卷-3-数列.tex
20260215_190352,2026-02-15 19:03:52,已新建,2023-G-全国甲卷-3-数列.tex,D:\pc\Desktop\Work\000高中数学题库\chapters\数列\2023\2023-G-全国甲卷-3-数列.tex
20260215_190352,2026-02-15 19:03:52,已新建,2025-G-上海卷-2-数列.tex,D:\pc\Desktop\Work\000高中数学题库\chapters\数列\2025\2025-G-上海卷-2-数列.tex
20260215_190352,2026-02-15 19:03:52,已新建,2024-G-新课标II卷-13-数列.tex,D:\pc\Desktop\Work\000高中数学题库\chapters\数列\2024\2024-G-新课标II卷-13-数列.tex
20260215_190352,2026-02-15 19:03:52,已新建,2022-G-全国乙卷-4-数列.tex,D:\pc\Desktop\Work\000高中数学题库\chapters\数列\2022\2022-G-全国乙卷-4-数列.tex
20260215_190352,2026-02-15 19:03:52,已新建,2024-G-全国甲卷-3-数列.tex,D:\pc\Desktop\Work\000高中数学题库\chapters\数列\2024\2024-G-全国甲卷-3-数列.tex
20260215_190352,2026-02-15 19:03:52,已新建,2024-G-全国甲卷-4-数列.tex,D:\pc\Desktop\Work\000高中数学题库\chapters\数列\2024\2024-G-全国甲卷-4-数列.tex
20260215_190352,2026-02-15 19:03:52,已新建,2021-G-北京卷-6-数列.tex,D:\pc\Desktop\Work\000高中数学题库\chapters\数列\2021\2021-G-北京卷-6-数列.tex
20260215_190352,2026-02-15 19:03:52,已新建,2023-G-全国乙卷-13-数列.tex,D:\pc\Desktop\Work\000高中数学题库\chapters\数列\2023\2023-G-全国乙卷-13-数列.tex
20260215_190352,2026-02-15 19:03:52,已新建,2023-G-全国甲卷-5-数列.tex,D:\pc\Desktop\Work\000高中数学题库\chapters\数列\2023\2023-G-全国甲卷-5-数列.tex
20260215_190352,2026-02-15 19:03:52,已新建,2022-G-全国乙卷-3-数列.tex,D:\pc\Desktop\Work\000高中数学题库\chapters\数列\2022\2022-G-全国乙卷-3-数列.tex
20260215_190352,2026-02-15 19:03:52,已新建,2025-G-全国I卷-13-数列.tex,D:\pc\Desktop\Work\000高中数学题库\chapters\数列\2025\2025-G-全国I卷-13-数列.tex
20260215_190352,2026-02-15 19:03:52,已新建,2023-G-上海卷-3-数列.tex,D:\pc\Desktop\Work\000高中数学题库\chapters\数列\2023\2023-G-上海卷-3-数列.tex
20260215_190352,2026-02-15 19:03:52,已新建,2023-G-全国乙卷-14-数列.tex,D:\pc\Desktop\Work\000高中数学题库\chapters\数列\2023\2023-G-全国乙卷-14-数列.tex
20260215_190352,2026-02-15 19:03:52,已新建,2025-G-全国II卷-6-数列.tex,D:\pc\Desktop\Work\000高中数学题库\chapters\数列\2025\2025-G-全国II卷-6-数列.tex
20260215_190352,2026-02-15 19:03:52,已新建,2021-G-全国甲卷-7-数列.tex,D:\pc\Desktop\Work\000高中数学题库\chapters\数列\2021\2021-G-全国甲卷-7-数列.tex
20260215_190352,2026-02-15 19:03:52,已新建,2023-G-新课标II卷-8-数列.tex,D:\pc\Desktop\Work\000高中数学题库\chapters\数列\2023\2023-G-新课标II卷-8-数列.tex
20260215_190352,2026-02-15 19:03:52,已新建,2025-G-北京卷-2-数列.tex,D:\pc\Desktop\Work\000高中数学题库\chapters\数列\2025\2025-G-北京卷-2-数列.tex
20260215_190352,2026-02-15 19:03:52,已新建,2023-G-北京卷-12-数列.tex,D:\pc\Desktop\Work\000高中数学题库\chapters\数列\2023\2023-G-北京卷-12-数列.tex
20260215_190352,2026-02-15 19:03:52,已新建,2023-G-北京卷-10-数列.tex,D:\pc\Desktop\Work\000高中数学题库\chapters\数列\2023\2023-G-北京卷-10-数列.tex
20260215_190352,2026-02-15 19:03:59,已覆盖,2022-G-全国乙卷-4-数列.tex,D:\pc\Desktop\Work\000高中数学题库\chapters\数列\2022\2022-G-全国乙卷-4-数列.tex
20260215_190352,2026-02-15 19:03:59,已新建,2022-G-北京卷-3-数列.tex,D:\pc\Desktop\Work\000高中数学题库\chapters\数列\2022\2022-G-北京卷-3-数列.tex
20260215_190352,2026-02-15 19:03:59,已新建,2021-G-全国甲卷-9-数列.tex,D:\pc\Desktop\Work\000高中数学题库\chapters\数列\2021\2021-G-全国甲卷-9-数列.tex
20260215_190352,2026-02-15 19:03:59,已新建,2025-G-天津卷-4-数列.tex,D:\pc\Desktop\Work\000高中数学题库\chapters\数列\2025\2025-G-天津卷-4-数列.tex
20260215_190352,2026-02-15 19:03:59,已新建,2023-G-天津卷-3-数列.tex,D:\pc\Desktop\Work\000高中数学题库\chapters\数列\2023\2023-G-天津卷-3-数列.tex
20260215_190352,2026-02-15 19:03:59,已新建,2022-G-北京卷-15-数列.tex,D:\pc\Desktop\Work\000高中数学题库\chapters\数列\2022\2022-G-北京卷-15-数列.tex
20260215_190352,2026-02-15 19:03:59,已新建,2022-G-浙江卷-10-数列.tex,D:\pc\Desktop\Work\000高中数学题库\chapters\数列\2022\2022-G-浙江卷-10-数列.tex
20260215_190352,2026-02-15 19:03:59,已新建,2021-G-新高考I卷-16-数列.tex,D:\pc\Desktop\Work\000高中数学题库\chapters\数列\2021\2021-G-新高考I卷-16-数列.tex
20260215_190352,2026-02-15 19:03:59,已新建,2021-G-北京卷-10-数列.tex,D:\pc\Desktop\Work\000高中数学题库\chapters\数列\2021\2021-G-北京卷-10-数列.tex
20260215_190352,2026-02-15 19:03:59,已新建,2021-G-浙江卷-10-数列.tex,D:\pc\Desktop\Work\000高中数学题库\chapters\数列\2021\2021-G-浙江卷-10-数列.tex
20260215_190352,2026-02-15 19:03:59,已新建,2025-G-上海卷-16-数列.tex,D:\pc\Desktop\Work\000高中数学题库\chapters\数列\2025\2025-G-上海卷-16-数列.tex
20260215_190352,2026-02-15 19:03:59,已新建,2024-G-全国甲卷-6-数列.tex,D:\pc\Desktop\Work\000高中数学题库\chapters\数列\2024\2024-G-全国甲卷-6-数列.tex
20260215_190352,2026-02-15 19:03:59,已新建,2023-G-全国乙卷-15-数列.tex,D:\pc\Desktop\Work\000高中数学题库\chapters\数列\2023\2023-G-全国乙卷-15-数列.tex
20260215_190352,2026-02-15 19:03:59,已新建,2021-G-浙江卷-7-数列.tex,D:\pc\Desktop\Work\000高中数学题库\chapters\数列\2021\2021-G-浙江卷-7-数列.tex
20260215_190352,2026-02-15 19:03:59,已新建,2022-G-新高考II卷-3-数列.tex,D:\pc\Desktop\Work\000高中数学题库\chapters\数列\2022\2022-G-新高考II卷-3-数列.tex
20260215_190352,2026-02-15 19:03:59,已新建,2024-G-上海卷-12-数列.tex,D:\pc\Desktop\Work\000高中数学题库\chapters\数列\2024\2024-G-上海卷-12-数列.tex
20260215_190352,2026-02-15 19:03:59,已新建,2024-G-北京卷-12-数列.tex,D:\pc\Desktop\Work\000高中数学题库\chapters\数列\2024\2024-G-北京卷-12-数列.tex
20260215_190352,2026-02-15 19:03:59,已新建,2021-G-上海卷-12-数列.tex,D:\pc\Desktop\Work\000高中数学题库\chapters\数列\2021\2021-G-上海卷-12-数列.tex
20260215_190352,2026-02-15 19:03:59,已新建,2021-G-新高考II卷-12-数列.tex,D:\pc\Desktop\Work\000高中数学题库\chapters\数列\2021\2021-G-新高考II卷-12-数列.tex
20260215_190352,2026-02-15 19:03:59,已新建,2024-G-北京卷-15-数列.tex,D:\pc\Desktop\Work\000高中数学题库\chapters\数列\2024\2024-G-北京卷-15-数列.tex
20260215_192401,2026-02-15 19:24:01,已新建,2023-G-新课标I卷-17-数列.tex,D:\pc\Desktop\Work\000高中数学题库\chapters\数列\2023\2023-G-新课标I卷-17-数列.tex
20260215_192401,2026-02-15 19:24:01,已新建,2021-G-新高考II卷-17-数列.tex,D:\pc\Desktop\Work\000高中数学题库\chapters\数列\2021\2021-G-新高考II卷-17-数列.tex
20260215_192401,2026-02-15 19:24:01,已新建,2022-G-新高考II卷-17-数列.tex,D:\pc\Desktop\Work\000高中数学题库\chapters\数列\2022\2022-G-新高考II卷-17-数列.tex
20260215_192401,2026-02-15 19:24:01,已新建,2021-G-浙江卷-20-数列.tex,D:\pc\Desktop\Work\000高中数学题库\chapters\数列\2021\2021-G-浙江卷-20-数列.tex
20260215_192401,2026-02-15 19:24:01,已新建,2024-G-上海卷-21-函数.tex,D:\pc\Desktop\Work\000高中数学题库\chapters\函数\2024\2024-G-上海卷-21-函数.tex
20260215_192401,2026-02-15 19:24:01,已新建,2021-G-全国乙卷-19-数列.tex,D:\pc\Desktop\Work\000高中数学题库\chapters\数列\2021\2021-G-全国乙卷-19-数列.tex
20260215_192401,2026-02-15 19:24:01,已新建,2021-G-全国甲卷-18-数列.tex,D:\pc\Desktop\Work\000高中数学题库\chapters\数列\2021\2021-G-全国甲卷-18-数列.tex
20260215_192401,2026-02-15 19:24:01,已新建,2022-G-全国甲卷-17-数列.tex,D:\pc\Desktop\Work\000高中数学题库\chapters\数列\2022\2022-G-全国甲卷-17-数列.tex
20260215_192401,2026-02-15 19:24:01,已新建,2021-G-全国甲卷-17-数列.tex,D:\pc\Desktop\Work\000高中数学题库\chapters\数列\2021\2021-G-全国甲卷-17-数列.tex
20260215_192401,2026-02-15 19:24:01,已新建,2021-G-上海卷-21-数列.tex,D:\pc\Desktop\Work\000高中数学题库\chapters\数列\2021\2021-G-上海卷-21-数列.tex
20260215_192401,2026-02-15 19:24:01,已新建,2022-G-浙江卷-20-数列.tex,D:\pc\Desktop\Work\000高中数学题库\chapters\数列\2022\2022-G-浙江卷-20-数列.tex
20260215_192401,2026-02-15 19:24:01,已新建,2022-G-上海卷-21-数列.tex,D:\pc\Desktop\Work\000高中数学题库\chapters\数列\2022\2022-G-上海卷-21-数列.tex
20260215_192401,2026-02-15 19:24:01,已新建,2023-G-全国乙卷-17-数列.tex,D:\pc\Desktop\Work\000高中数学题库\chapters\数列\2023\2023-G-全国乙卷-17-数列.tex
20260215_192401,2026-02-15 19:24:01,已新建,2024-G-全国甲卷-17-数列.tex,D:\pc\Desktop\Work\000高中数学题库\chapters\数列\2024\2024-G-全国甲卷-17-数列.tex
20260215_192401,2026-02-15 19:24:01,已新建,2023-G-新课标II卷-17-数列.tex,D:\pc\Desktop\Work\000高中数学题库\chapters\数列\2023\2023-G-新课标II卷-17-数列.tex
20260215_192401,2026-02-15 19:24:01,已新建,2021-G-新高考全国I卷-17-数列.tex,D:\pc\Desktop\Work\000高中数学题库\chapters\数列\2021\2021-G-新高考全国I卷-17-数列.tex
20260215_192401,2026-02-15 19:24:01,已新建,2022-G-新高考全国I卷-17-数列.tex,D:\pc\Desktop\Work\000高中数学题库\chapters\数列\2022\2022-G-新高考全国I卷-17-数列.tex
20260215_192401,2026-02-15 19:24:01,已新建,2023-G-全国甲卷-17-数列.tex,D:\pc\Desktop\Work\000高中数学题库\chapters\数列\2023\2023-G-全国甲卷-17-数列.tex
20260215_192401,2026-02-15 19:24:01,已新建,2025-G-全国I卷-17-数列.tex,D:\pc\Desktop\Work\000高中数学题库\chapters\数列\2025\2025-G-全国I卷-17-数列.tex
20260215_192401,2026-02-15 19:24:01,已新建,2025-G-天津卷-19-数列.tex,D:\pc\Desktop\Work\000高中数学题库\chapters\数列\2025\2025-G-天津卷-19-数列.tex
20260215_192401,2026-02-15 19:24:01,已新建,2024-G-全国甲卷-18-数列.tex,D:\pc\Desktop\Work\000高中数学题库\chapters\数列\2024\2024-G-全国甲卷-18-数列.tex
20260215_192401,2026-02-15 19:24:01,已新建,2024-G-天津卷-19-数列.tex,D:\pc\Desktop\Work\000高中数学题库\chapters\数列\2024\2024-G-天津卷-19-数列.tex
20260215_192401,2026-02-15 19:24:09,已覆盖,2021-G-全国乙卷-19-数列.tex,D:\pc\Desktop\Work\000高中数学题库\chapters\数列\2021\2021-G-全国乙卷-19-数列.tex
20260215_192401,2026-02-15 19:24:09,已新建,2021-G-天津卷-19-数列.tex,D:\pc\Desktop\Work\000高中数学题库\chapters\数列\2021\2021-G-天津卷-19-数列.tex
20260215_192401,2026-02-15 19:24:09,已新建,2023-G-天津卷-19-数列.tex,D:\pc\Desktop\Work\000高中数学题库\chapters\数列\2023\2023-G-天津卷-19-数列.tex
20260215_192401,2026-02-15 19:24:09,已新建,2022-G-天津卷-19-数列.tex,D:\pc\Desktop\Work\000高中数学题库\chapters\数列\2022\2022-G-天津卷-19-数列.tex
20260215_192401,2026-02-15 19:24:09,已新建,2024-G-新课标II卷-21-圆锥曲线.tex,D:\pc\Desktop\Work\000高中数学题库\chapters\圆锥曲线\2024\2024-G-新课标II卷-21-圆锥曲线.tex
20260215_192401,2026-02-15 19:24:09,已新建,2023-G-上海卷-21-数列.tex,D:\pc\Desktop\Work\000高中数学题库\chapters\数列\2023\2023-G-上海卷-21-数列.tex
20260215_192401,2026-02-15 19:24:09,已新建,2023-G-新课标I卷-21-概率.tex,D:\pc\Desktop\Work\000高中数学题库\chapters\概率\2023\2023-G-新课标I卷-21-概率.tex
20260215_192401,2026-02-15 19:24:09,已新建,2024-G-新课标I卷-22-数列.tex,D:\pc\Desktop\Work\000高中数学题库\chapters\数列\2024\2024-G-新课标I卷-22-数列.tex
20260215_192401,2026-02-15 19:24:09,已新建,2024-G-北京卷-21-数列.tex,D:\pc\Desktop\Work\000高中数学题库\chapters\数列\2024\2024-G-北京卷-21-数列.tex
20260215_192401,2026-02-15 19:24:09,已新建,2023-G-北京卷-21-数列.tex,D:\pc\Desktop\Work\000高中数学题库\chapters\数列\2023\2023-G-北京卷-21-数列.tex
20260215_192401,2026-02-15 19:24:09,已新建,2022-G-北京卷-21-数列.tex,D:\pc\Desktop\Work\000高中数学题库\chapters\数列\2022\2022-G-北京卷-21-数列.tex
20260215_192401,2026-02-15 19:24:09,已新建,2021-G-北京卷-21-数列.tex,D:\pc\Desktop\Work\000高中数学题库\chapters\数列\2021\2021-G-北京卷-21-数列.tex
20260218_152930,2026-02-18 15:29:30,已新建,2025-M-港梦杯-18-导数.tex,D:\pc\Desktop\Work\000高中数学题库\chapters\导数\2025\2025-M-港梦杯-18-导数.tex
20260218_182057,2026-02-18 18:20:57,已新建,2006-G-江西卷（理）-22-数列.tex,D:\pc\Desktop\Work\000高中数学题库\chapters\数列\2006\2006-G-江西卷（理）-22-数列.tex
20260218_182057,2026-02-18 18:20:57,已新建,2010-G-江西卷（理）-22-数列.tex,D:\pc\Desktop\Work\000高中数学题库\chapters\数列\2010\2010-G-江西卷（理）-22-数列.tex
20260218_225214,2026-02-18 22:52:14,已新建,2019-G-课标I卷（理）-21-概率.tex,D:\pc\Desktop\Work\000高中数学题库\chapters\概率\2019\2019-G-课标I卷（理）-21-概率.tex
20260218_232938,2026-02-18 23:29:38,已新建,2015-G-湖南卷（理）-21-导数.tex,D:\pc\Desktop\Work\000高中数学题库\chapters\导数\2015\2015-G-湖南卷（理）-21-导数.tex
20260218_232938,2026-02-18 23:29:38,已新建,2011-G-安徽卷（理）-18-数列.tex,D:\pc\Desktop\Work\000高中数学题库\chapters\数列\2011\2011-G-安徽卷（理）-18-数列.tex
20260219_000445,2026-02-19 00:04:45,已新建,2018-G-浙江卷-10-数列.tex,D:\pc\Desktop\Work\000高中数学题库\chapters\数列\2018\2018-G-浙江卷-10-数列.tex
20260219_000445,2026-02-19 00:04:45,已新建,2016-G-浙江卷（文、理）-6-数列.tex,D:\pc\Desktop\Work\000高中数学题库\chapters\数列\2016\2016-G-浙江卷（文、理）-6-数列.tex
20260219_000445,2026-02-19 00:04:45,已新建,2020-G-浙江卷-7-数列.tex,D:\pc\Desktop\Work\000高中数学题库\chapters\数列\2020\2020-G-浙江卷-7-数列.tex
20260219_000445,2026-02-19 00:04:45,已新建,2022-G-上海卷-16-数列.tex,D:\pc\Desktop\Work\000高中数学题库\chapters\数列\2022\2022-G-上海卷-16-数列.tex
20260219_004511,2026-02-19 00:45:11,已新建,2019-G-上海春考卷-21-数列.tex,D:\pc\Desktop\Work\000高中数学题库\chapters\数列\2019\2019-G-上海春考卷-21-数列.tex
20260219_004511,2026-02-19 00:45:11,已新建,2023-G-上海卷-21-导数.tex,D:\pc\Desktop\Work\000高中数学题库\chapters\导数\2023\2023-G-上海卷-21-导数.tex
20260219_004511,2026-02-19 00:45:11,已新建,2009-G-江西卷（文）-21-数列.tex,D:\pc\Desktop\Work\000高中数学题库\chapters\数列\2009\2009-G-江西卷（文）-21-数列.tex
20260219_004511,2026-02-19 00:45:11,已新建,2012-G-江苏卷（理）-20-数列.tex,D:\pc\Desktop\Work\000高中数学题库\chapters\数列\2012\2012-G-江苏卷（理）-20-数列.tex
20260219_004511,2026-02-19 00:45:11,已新建,2015-G-上海卷（理）-22-数列.tex,D:\pc\Desktop\Work\000高中数学题库\chapters\数列\2015\2015-G-上海卷（理）-22-数列.tex
20260219_011112,2026-02-19 01:11:12,已新建,2007-G-湖北卷（理）-21-数论.tex,D:\pc\Desktop\Work\000高中数学题库\chapters\数论\2007\2007-G-湖北卷（理）-21-数论.tex
20260219_011112,2026-02-19 01:11:12,已新建,2015-G-江苏卷（理）-20-数列.tex,D:\pc\Desktop\Work\000高中数学题库\chapters\数列\2015\2015-G-江苏卷（理）-20-数列.tex
20260219_011112,2026-02-19 01:11:12,已新建,2009-G-湖南卷（理）-21-数列.tex,D:\pc\Desktop\Work\000高中数学题库\chapters\数列\2009\2009-G-湖南卷（理）-21-数列.tex
20260219_013408,2026-02-19 01:34:08,已新建,2014-G-陕西卷-21-导数.tex,D:\pc\Desktop\Work\000高中数学题库\chapters\导数\2014\2014-G-陕西卷-21-导数.tex
20260219_013408,2026-02-19 01:34:08,已新建,2009-G-陕西卷（理）-22-数列.tex,D:\pc\Desktop\Work\000高中数学题库\chapters\数列\2009\2009-G-陕西卷（理）-22-数列.tex
20260219_013408,2026-02-19 01:34:08,已新建,2012-G-上海卷（文）-14-数列.tex,D:\pc\Desktop\Work\000高中数学题库\chapters\数列\2012\2012-G-上海卷（文）-14-数列.tex
20260219_014539,2026-02-19 01:45:39,已新建,2016-G-课标III卷（理）-12-数列.tex,D:\pc\Desktop\Work\000高中数学题库\chapters\数列\2016\2016-G-课标III卷（理）-12-数列.tex
20260322_112939,2026-03-22 11:30:09,已覆盖,2016-G-课标III卷（理）-12-数列.tex,D:\pc\Desktop\Work\000高中数学题库\chapters\数列\2016\2016-G-课标III卷（理）-12-数列.tex
20260403_025331,2026-04-03 02:53:39,已覆盖,2016-G-课标III卷（理）-12-数列.tex,d:\pc\Desktop\Work\000高中数学题库\chapters\数列\2016\2016-G-课标III卷（理）-12-数列.tex
